"0","```r
dim(starbucks_drink)
```"
"1","[1] 242  18
"
"0","```r
names(dim(starbucks_drink))
```"
"1","NULL
"
"0","```r
glimpse(starbucks_drink)
```"
"1","Rows: 242
Columns: 18
$ Beverage_category       [3m[38;5;246m<fct>[39m[23m Coffee, Coffee, Coffee, Coffee, Classic Espresso Drinks, Classic Espresso Drin‚Ä¶
$ Beverage                [3m[38;5;246m<fct>[39m[23m Brewed Coffee, Brewed Coffee, Brewed Coffee, Brewed Coffee, Caff√® Latte, Caff√®‚Ä¶
$ Beverage_prep           [3m[38;5;246m<fct>[39m[23m Short, Tall, Grande, Venti, Short Nonfat Milk, 2% Milk, Soymilk, Tall Nonfat M‚Ä¶
$ Calories                [3m[38;5;246m<int>[39m[23m 3, 4, 5, 5, 70, 100, 70, 100, 150, 110, 130, 190, 150, 170, 240, 190, 110, 130‚Ä¶
$ Total.Fat..g.           [3m[38;5;246m<fct>[39m[23m 0.1, 0.1, 0.1, 0.1, 0.1, 3.5, 2.5, 0.2, 6, 4.5, 0.3, 7, 5, 0.4, 9, 7, 1.5, 4, ‚Ä¶
$ Trans.Fat..g.           [3m[38;5;246m<dbl>[39m[23m 0.0, 0.0, 0.0, 0.0, 0.1, 2.0, 0.4, 0.2, 3.0, 0.5, 0.2, 3.5, 0.5, 0.3, 4.5, 1.0‚Ä¶
$ Saturated.Fat..g.       [3m[38;5;246m<dbl>[39m[23m 0.0, 0.0, 0.0, 0.0, 0.0, 0.1, 0.0, 0.0, 0.2, 0.0, 0.0, 0.2, 0.0, 0.0, 0.3, 0.0‚Ä¶
$ Sodium..mg.             [3m[38;5;246m<int>[39m[23m 0, 0, 0, 0, 5, 15, 0, 5, 25, 0, 5, 30, 0, 10, 35, 0, 5, 10, 0, 5, 20, 0, 5, 25‚Ä¶
$ Total.Carbohydrates..g. [3m[38;5;246m<int>[39m[23m 5, 10, 10, 10, 75, 85, 65, 120, 135, 105, 150, 170, 130, 190, 220, 170, 60, 70‚Ä¶
$ Cholesterol..mg.        [3m[38;5;246m<int>[39m[23m 0, 0, 0, 0, 10, 10, 6, 15, 15, 10, 19, 19, 13, 25, 24, 16, 21, 21, 19, 32, 32,‚Ä¶
$ Dietary.Fibre..g.       [3m[38;5;246m<int>[39m[23m 0, 0, 0, 0, 0, 0, 1, 0, 0, 1, 0, 0, 1, 0, 0, 2, 1, 1, 2, 1, 1, 2, 2, 2, 3, 2, ‚Ä¶
$ Sugars..g.              [3m[38;5;246m<int>[39m[23m 0, 0, 0, 0, 9, 9, 4, 14, 14, 6, 18, 17, 8, 23, 22, 11, 17, 17, 13, 27, 26, 20,‚Ä¶
$ Protein..g.             [3m[38;5;246m<dbl>[39m[23m 0.3, 0.5, 1.0, 1.0, 6.0, 6.0, 5.0, 10.0, 10.0, 8.0, 13.0, 12.0, 10.0, 16.0, 16‚Ä¶
$ Vitamin.A....DV.        [3m[38;5;246m<fct>[39m[23m 0%, 0%, 0%, 0%, 10%, 10%, 6%, 15%, 15%, 10%, 20%, 20%, 15%, 30%, 25%, 20%, 8%,‚Ä¶
$ Vitamin.C....DV.        [3m[38;5;246m<fct>[39m[23m 0%, 0%, 0%, 0%, 0%, 0%, 0%, 0%, 0%, 0%, 0%, 2%, 0%, 0%, 2%, 0%, 0%, 0%, 0%, 0%‚Ä¶
$ Calcium....DV.          [3m[38;5;246m<fct>[39m[23m 0%, 0%, 0%, 2%, 20%, 20%, 20%, 30%, 30%, 30%, 40%, 40%, 40%, 50%, 50%, 50%, 15‚Ä¶
$ Iron....DV.             [3m[38;5;246m<fct>[39m[23m 0%, 0%, 0%, 0%, 0%, 0%, 8%, 0%, 0%, 15%, 0%, 0%, 15%, 0%, 0%, 25%, 10%, 10%, 2‚Ä¶
$ Caffeine..mg.           [3m[38;5;246m<fct>[39m[23m 175, 260, 330, 410, 75, 75, 75, 75, 75, 75, 150, 150, 150, 150, 150, 150, 85, ‚Ä¶
"
"0","```r
starbucks_drink
```"
